id,name,department,salary,joining_date
1,Benjamin Page,Sales,57222,2023-10-12
2,Randy Lee,Finance,76677,2019-11-12
3,Meghan Olson,Support,68506,2021-08-02
4,April Perez,Finance,148516,2019-09-15
5,Deborah Kelley,Operations,107276,2022-11-28
6,Miss Stacey Thompson DDS,Finance,88062,2017-11-12
7,Jennifer Stewart,Marketing,78592,2022-09-25
8,Marilyn Mcdaniel,Engineering,85746,2021-10-23
9,Jessica Berg DDS,Support,50274,2020-11-25
10,Michael Torres,Engineering,114185,2017-12-09
11,Emily Ramirez,Finance,121141,2017-04-17
12,Alexis Lin,Engineering,44917,2018-01-20
13,Anthony Lewis,Sales,97341,2016-04-03
14,Sandra Patterson,Finance,142806,2021-12-30
15,Wendy Frank,Support,43555,2019-08-11
16,David Patterson,Sales,88913,2015-06-13
17,Joshua Boyd,Support,102601,2024-05-21
18,Diane Nguyen,Finance,112105,2021-11-26
19,Brittney Landry,Operations,70170,2017-03-17
20,John Riggs,HR,101929,2020-07-12
21,Caroline Hall,Marketing,145699,2015-08-19
22,Nicole Chavez,Marketing,69421,2015-09-28
23,Matthew Hoover,Engineering,61231,2017-03-18
24,Patrick Fields,Sales,42059,2023-05-11
25,John Gentry,Finance,54559,2021-01-17
26,Dawn Shaw,Marketing,41496,2019-01-14
27,Phillip Franco,Sales,74444,2018-10-01
28,Sandra Stafford,Finance,94921,2024-09-08
29,Kevin Bates,Marketing,149617,2019-08-21
30,John Smith,Operations,69867,2023-12-16
31,Rachel Gutierrez,Support,65386,2022-09-30
32,Marc Smith,Support,92017,2016-07-26
33,Linda Jordan,Finance,50934,2017-05-09
34,Scott Wells,Sales,137965,2023-02-16
35,Charles Johnson,Operations,75497,2018-06-27
36,Chad Wang,Finance,83171,2024-07-02
37,Cesar Lee,Operations,77811,2021-03-09
38,Veronica Salazar,Operations,62650,2021-09-14
39,Joseph Burns Jr.,HR,64376,2023-12-03
40,Amber Graham,Support,67731,2017-02-02
41,Jonathan Carter,Engineering,61021,2022-03-23
42,Kevin Watts,Sales,139020,2021-06-25
43,Brenda Young,Engineering,76105,2015-12-23
44,Dr. Vanessa Smith,Marketing,121736,2019-04-14
45,Denise Mosley,HR,95153,2025-04-04
46,William Sweeney,Operations,139851,2024-04-18
47,Mrs. Kimberly Baker,Operations,120819,2016-09-04
48,Miranda Burton,HR,42371,2021-11-22
49,Bonnie Singleton,Marketing,125744,2019-03-09
50,Vickie Mays,Engineering,87372,2025-01-12
51,Daniel Wu,Marketing,126379,2018-04-28
52,Brittney Wilson,Operations,64126,2015-09-30
53,Tony Henry,Operations,97330,2022-07-29
54,John Solis,HR,129924,2017-06-04
55,Jeffrey Robinson,Support,40255,2016-01-25
56,Christopher Barry,Support,60369,2015-10-28
57,Arthur Simpson,Engineering,71558,2021-01-31
58,Lori Paul,Marketing,116059,2019-05-29
59,Todd Skinner,HR,41765,2017-09-21
60,Lori Thomas,Engineering,119904,2020-11-14
61,Wendy Mcdonald,Finance,63522,2015-07-11
62,Luis Ellis,Support,86535,2020-02-15
63,Nicole Torres,Marketing,76031,2020-04-26
64,Edward Garcia,Finance,56943,2019-11-09
65,Julia Perez,Engineering,78386,2016-04-19
66,Richard Lopez,Support,92665,2017-11-15
67,Jamie Marquez,Sales,50203,2018-11-28
68,Mrs. Donna Black,Support,105489,2023-02-07
69,Erin Schneider,Sales,124379,2019-12-02
70,Mike Brown,Sales,95898,2024-11-07
71,Preston Price,Marketing,133633,2016-11-14
72,Molly Carr,HR,127999,2021-07-25
73,Amy Wong,Engineering,82482,2016-12-06
74,Andrew Moore,Engineering,91315,2015-04-19
75,Kathryn Lee,Operations,147861,2021-10-18
76,Christopher Ayers,Finance,86887,2015-06-22
77,Jennifer Welch,Finance,139272,2016-09-22
78,Kimberly Davis MD,Marketing,76994,2022-05-04
79,Gregory Buck,Engineering,112908,2019-04-29
80,Michael Jacobson,Operations,40855,2023-11-29
81,Amy Fisher,Engineering,83274,2018-06-30
82,Christopher Jackson,HR,96249,2024-04-03
83,Mikayla Spencer,Marketing,71347,2016-01-07
84,Joseph Bender,Support,129110,2024-07-18
85,Jacqueline Murphy,Engineering,89502,2019-08-11
86,Amber Harrell,Finance,107401,2015-09-11
87,Bonnie Marsh,Engineering,127352,2019-02-10
88,Lindsay Fleming,HR,58789,2017-02-27
89,Kristi Pollard,Operations,87234,2024-03-06
90,Megan King,Engineering,74169,2018-11-25
91,Judith Murphy,Sales,62301,2018-12-29
92,Lori Lopez,Sales,95473,2024-07-17
93,Samantha Kennedy,Marketing,43865,2024-09-14
94,Brian Allison,Marketing,54140,2018-07-19
95,Eric Watts,Marketing,131889,2016-01-03
96,Judy Newman,Support,85665,2022-02-22
97,Danielle Manning,Operations,144490,2016-08-17
98,Shannon Manning,Operations,51401,2024-12-28
99,Krystal Delgado,Marketing,139903,2017-10-10
100,Roger Gentry,Marketing,74622,2021-04-02
101,William Owens,Operations,143525,2022-08-15
102,Gary Williams,Support,91244,2019-11-23
103,Robert Shaw,Operations,83188,2017-08-18
104,Michael Elliott,Finance,76956,2020-11-12
105,Mary Lee,HR,117563,2021-04-03
106,Kenneth Romero,Operations,143930,2022-08-29
107,Jared Bennett,Sales,139980,2019-01-27
108,Allen Miller,HR,105208,2020-03-13
109,Kyle Smith,Engineering,71956,2020-01-02
110,William Hernandez,Sales,130836,2017-03-05
111,Jon Hernandez,Marketing,68398,2020-05-18
112,Helen Murray,Engineering,62410,2015-10-26
113,Jorge Graham,HR,60182,2023-04-14
114,Samantha Walker,Engineering,97325,2024-06-04
115,Brian Sullivan,Engineering,74588,2024-03-19
116,Courtney Hodge,HR,85954,2024-03-12
117,Jennifer Johnson,Marketing,57402,2022-01-27
118,Jasmine Brady,Support,41627,2019-07-15
119,Dawn Alvarez,Marketing,90542,2020-05-24
120,Larry Washington,Engineering,132093,2017-11-23
121,Mr. Paul Hughes,Finance,147127,2017-12-13
122,James Torres,Operations,72259,2016-12-06
123,Philip Watson,Engineering,140764,2022-02-01
124,Debra Castro,Engineering,105503,2016-09-16
125,Justin Taylor,Operations,45581,2020-04-10
126,Shane Davis,Support,41834,2020-08-02
127,Richard Cross,Operations,97722,2021-04-17
128,Cynthia Parsons,Operations,130993,2021-05-17
129,Destiny Payne,Sales,84547,2024-10-15
130,Sara Garcia,Support,129011,2018-01-31
131,Janice Cardenas,Support,139507,2016-11-15
132,Lynn Church,Operations,140633,2023-10-24
133,Charles Campbell,Support,103948,2016-10-25
134,Denise Turner,HR,88660,2022-06-08
135,Amy Jones,Marketing,68045,2022-06-11
136,Michael Thompson,Engineering,128441,2024-08-06
137,Angela Whitaker,Sales,119013,2017-02-14
138,Eric West,Finance,67288,2023-06-20
139,Paul Rodriguez,Operations,64976,2023-06-01
140,Erica Jones,HR,52193,2020-09-26
141,Mike Duffy,Support,145982,2021-11-21
142,Ashley Pearson,Sales,106172,2017-09-18
143,Glen Arroyo,Sales,47259,2022-10-15
144,Vickie Castillo,Engineering,52655,2016-11-11
145,Sean Curry,HR,67277,2022-07-24
146,Jo Gutierrez,Engineering,69268,2021-11-18
147,Amy Kirby,Engineering,145320,2021-06-10
148,Kelsey Williams,Sales,75696,2021-03-14
149,Raymond Johnson,Support,55431,2024-07-01
150,John Coleman,HR,133712,2022-10-05
151,Theresa Anderson,Operations,92214,2022-05-16
152,Donald Clark,Support,96403,2022-07-21
153,Michael Phillips,Engineering,84038,2025-04-06
154,Mark Harper,Marketing,46077,2023-06-16
155,Heather Kelly,Sales,79247,2022-07-29
156,James Allen,Support,96013,2023-11-03
157,Linda Newman,HR,114584,2024-11-30
158,Ruth Walter,Operations,65859,2019-11-20
159,Travis Olson,Finance,92759,2016-07-26
160,Mary Nguyen,Engineering,131858,2024-05-03
161,Douglas Lee,Finance,146303,2022-09-02
162,Kelly Thomas,Marketing,46832,2022-11-30
163,Diane Reed,Operations,102667,2022-11-27
164,Amy Huynh,Sales,41693,2018-08-18
165,Christina Roberson,Engineering,65892,2022-11-23
166,Ashley Briggs,HR,44872,2019-05-13
167,Jeffery Sanders,Finance,49099,2024-04-06
168,Natasha Sosa,Support,139808,2023-10-30
169,Alan Moore,Support,105091,2024-12-17
170,Philip Hunt,Sales,140642,2018-03-03
171,Christina Johnson,Marketing,60942,2025-03-16
172,Courtney Waller,Engineering,107603,2017-09-21
173,Joshua Cruz,Support,49002,2018-09-30
174,Martin Long,Operations,133416,2023-12-16
175,Samantha Wright,Engineering,74784,2018-05-07
176,Kimberly Garcia,Operations,111284,2022-01-24
177,Jessica Abbott,Operations,134965,2022-04-13
178,Samantha Gonzalez,Operations,45413,2016-09-14
179,Jessica Mueller,Engineering,133963,2022-12-09
180,Carol Smith,Operations,62823,2021-12-19
181,Alexandria Parker,Sales,51993,2020-02-27
182,Kristen Raymond,Sales,57471,2019-08-31
183,Emily Jennings,Marketing,116481,2023-11-03
184,Kaitlin Alexander,Operations,105583,2022-11-13
185,Francisco Williams,Marketing,147613,2019-10-10
186,Jessica Carter,HR,60090,2018-01-07
187,Larry Watson,Operations,103534,2024-09-02
188,Steven Rose,Marketing,40827,2018-08-04
189,Melissa Robinson,Engineering,144201,2024-05-27
190,Carl Brown,HR,114831,2020-08-17
191,Taylor Hughes,Finance,141097,2025-01-05
192,Alexander Carter,Finance,54548,2015-07-28
193,Nicole Fernandez,Finance,41746,2016-06-21
194,Nicole Wright,Marketing,44289,2019-09-02
195,Sharon Clark,Support,118191,2019-05-04
196,Regina Wilson,Finance,144511,2015-07-07
197,Ryan Burch,Finance,59893,2020-01-22
198,Katherine Davis,Marketing,133690,2018-12-07
199,Lisa Bailey,Support,74964,2020-05-21
200,Bradley Johnson,Engineering,104682,2020-11-03
201,Elizabeth Fuller,Support,48483,2020-10-01
202,Michael Adams,Finance,93450,2023-02-08
203,Dawn Williams,Operations,63511,2016-02-28
204,Cynthia Curry,Finance,60543,2022-02-16
205,Jennifer Grant,Marketing,98288,2022-05-02
206,Luke Jones,Engineering,58088,2022-06-26
207,Brittany Warner,Finance,40104,2021-09-09
208,Susan Oconnor,Engineering,63692,2023-01-12
209,Misty Turner,Finance,104621,2024-12-12
210,Rodney Deleon,Operations,69909,2021-12-31
211,Elizabeth Blackwell,Sales,85148,2021-08-10
212,Sean Torres,Marketing,69062,2017-12-31
213,Aaron Shepard,HR,136400,2021-03-28
214,Daniel Johnson PhD,Sales,78287,2023-09-27
215,Andrew Black,Engineering,116791,2017-11-29
216,Jay Thomas,Finance,118916,2020-01-07
217,Jessica Perez,Finance,99623,2022-03-28
218,Leonard Beck,Finance,99705,2023-11-10
219,Lisa Gutierrez,Finance,129697,2017-08-16
220,Kendra Hamilton,Marketing,99292,2021-06-06
221,Gwendolyn Harris,HR,92173,2019-01-03
222,Shannon Fields,HR,65906,2020-03-09
223,Renee Flores,Finance,105972,2024-12-19
224,Ashley Robbins,Sales,70298,2016-04-07
225,Charles Burnett,Support,61515,2018-07-23
226,Anthony Young,Engineering,58575,2017-10-04
227,Michael Blake,HR,102311,2020-12-19
228,Ricky Ali,Engineering,139526,2020-04-03
229,Connor Robinson,Support,102026,2025-03-30
230,William Payne,Marketing,122281,2021-04-17
231,Glenn Allen,Operations,94165,2017-09-28
232,Elizabeth Thomas,Sales,43677,2016-08-18
233,Michael Bell,Finance,113538,2019-02-21
234,Sandra Stone,Operations,139711,2021-11-25
235,Ryan Francis,Marketing,138845,2024-09-13
236,Tami Sandoval,Sales,133069,2015-11-09
237,Brian Palmer,Support,79330,2021-09-19
238,Katherine Hebert,Support,79239,2016-08-08
239,Briana Esparza,Operations,129048,2017-02-25
240,Francis Kelly,Marketing,59949,2017-02-03
241,Christina Dominguez,HR,148997,2018-11-15
242,Blake Nunez,HR,95219,2016-11-19
243,Joseph Shepherd,Operations,136997,2020-04-27
244,Ronald Jones,Operations,123469,2020-01-01
245,Tommy Dunn,Marketing,55486,2017-06-03
246,Paul Martinez,Marketing,90584,2024-09-17
247,Patricia Rodriguez,Marketing,90580,2016-12-31
248,Kayla Morales,Sales,120985,2020-11-13
249,Christian Johnson,HR,97909,2020-03-15
250,Patricia Cox,Engineering,128461,2018-10-09
251,Michael Mitchell,Support,109785,2017-11-29
252,Melissa Sanders,Support,117009,2021-12-14
253,Joshua Simon,Marketing,84752,2020-05-03
254,Christine Robles,HR,61931,2018-05-05
255,Barbara Clark,HR,110447,2024-09-16
256,John Maxwell,Operations,71014,2021-10-13
257,Gregory Lopez,HR,72022,2021-07-03
258,Carl Martin,Finance,75658,2021-10-08
259,Kenneth Villanueva,Engineering,137101,2021-10-30
260,William Davis,HR,111998,2019-03-28
261,Troy Bennett,Finance,113569,2016-06-03
262,William Walker,Marketing,128885,2018-11-21
263,Nathaniel Medina,Operations,94089,2021-07-05
264,Samantha Roberts,Operations,47771,2023-11-03
265,Russell Fowler,Marketing,74696,2024-08-25
266,Carolyn Anderson,Operations,81044,2018-03-04
267,Meghan Booker,Finance,81233,2024-10-19
268,Morgan Smith,HR,51283,2017-11-14
269,Louis Williams,Support,122892,2019-07-30
270,Lisa Brock,Engineering,65168,2017-01-26
271,Bryan Christian,Engineering,61674,2022-04-11
272,Jason Thompson,Support,88125,2022-02-11
273,Amy Martinez,Marketing,103537,2022-11-20
274,Christopher Riley,Engineering,119085,2015-05-20
275,Nathaniel Rodriguez,Marketing,132900,2017-03-01
276,Meghan Brock,Support,86148,2019-05-28
277,Katrina Martin,Sales,48220,2024-04-12
278,Lisa Lewis,Finance,95339,2022-07-27
279,Cindy Martin,Engineering,76303,2020-09-17
280,Janice Vasquez,Support,119495,2017-05-05
281,Brian Brooks,Operations,91375,2025-02-24
282,Karen Erickson,Finance,49768,2015-05-09
283,Jennifer Rosario,Marketing,72038,2022-02-20
284,Lisa Hines,Operations,86199,2022-09-02
285,Brent Christensen,Marketing,68985,2019-01-23
286,Mary Turner,Operations,58246,2019-08-06
287,Adam Ponce,Operations,95987,2022-07-09
288,Richard Matthews,Engineering,145390,2018-12-22
289,Michael Weber,Marketing,59631,2024-09-07
290,Amy Cantu,Sales,140651,2020-10-03
291,Christina Hurley,Support,128293,2024-01-19
292,Megan Kelly,Finance,120462,2022-12-26
293,Brittany Simon,Marketing,62552,2015-11-09
294,Shawn Johnson,Finance,40591,2019-09-24
295,Alice Dawson,Support,113096,2015-08-23
296,Kevin Holland,Sales,69729,2025-02-09
297,Alexander Brown,Operations,107151,2016-02-07
298,Virginia Huff,Marketing,63854,2019-10-16
299,Nicholas Martin,Support,68017,2021-04-18
300,Ashley Ward,Finance,45337,2018-06-13
301,Marissa Dunlap,Engineering,130426,2024-04-26
302,Krystal Martinez,Finance,41928,2016-08-15
303,James Allen,HR,114989,2023-10-30
304,Crystal Montoya,HR,108871,2015-05-15
305,Justin Montes,Operations,88265,2022-03-25
306,Jeremy Powell,Finance,81579,2024-01-06
307,Cindy Thompson,Operations,128914,2020-11-29
308,Gabriel Larson,Sales,70302,2021-06-02
309,Danielle Phillips,Sales,103340,2023-05-11
310,Linda Gibson,Sales,41093,2021-12-26
311,Darlene Leach,Marketing,78221,2023-12-22
312,Dennis Taylor,Operations,122066,2017-02-08
313,Russell Evans,Finance,93448,2016-06-07
314,Stephanie Miller,Finance,125138,2019-11-14
315,Carol Anderson,Marketing,67555,2021-09-09
316,Jennifer Thornton,Engineering,79635,2023-02-10
317,Carlos Howard,Finance,61999,2016-01-05
318,April Simmons,Support,116282,2022-04-23
319,Anna Howe,Support,55855,2022-12-12
320,Michelle Sanchez,Engineering,147473,2023-06-27
321,Nicole Howard,Operations,67669,2025-01-28
322,Derrick Cruz,Support,40634,2018-12-29
323,Leslie Caldwell,Sales,41726,2018-07-04
324,Nancy Andersen,HR,92503,2025-04-06
325,Melanie Rhodes,Finance,137053,2016-05-14
326,Matthew Mays,Engineering,73253,2021-08-23
327,Julie Gibson,Marketing,126222,2024-08-15
328,Angela Norman,Operations,48353,2018-08-04
329,Kyle Jordan,Marketing,144600,2016-10-25
330,Catherine Garcia,Marketing,74624,2024-11-09
331,Denise Williams,Support,67222,2021-07-14
332,Michael Ryan,Operations,105144,2017-05-03
333,Eric Mcdaniel,HR,116302,2024-01-02
334,David Richard,Engineering,72795,2018-02-27
335,Yolanda Jimenez,Support,52272,2023-01-26
336,Anna Green,Finance,130408,2022-11-27
337,Jessica Johnson,Marketing,128557,2015-05-28
338,Michael Little,Sales,54924,2022-08-15
339,Ronald Alexander,Support,93631,2022-02-10
340,Emily Mcguire,Sales,78717,2018-05-04
341,Jason Peters,HR,44471,2019-10-28
342,Mr. Dwayne Lynn,Support,85192,2021-06-08
343,Todd Johnson,Sales,50680,2021-04-09
344,Sarah Davenport,Engineering,97778,2017-10-21
345,Andrea Ramirez,Finance,110738,2021-08-15
346,Natasha Koch,HR,69421,2022-02-02
347,Abigail Munoz,Engineering,117666,2017-11-25
348,Deborah Butler,HR,127843,2022-09-27
349,Mr. Daniel Ewing,Operations,80229,2017-04-29
350,Barbara Roberts,HR,145867,2024-06-30
351,Joshua Howard,Operations,118064,2017-12-14
352,John Keith,HR,64293,2023-07-05
353,Oscar Holmes,Marketing,147441,2019-04-30
354,Kenneth Smith,Marketing,116551,2020-06-04
355,Ronald Decker,Sales,118851,2022-03-17
356,Joshua Hill,Support,95403,2019-10-12
357,Andrea Gonzalez,Finance,62189,2021-10-25
358,Rebecca Hill,Operations,91102,2024-12-26
359,Richard Jones,Finance,62320,2015-06-20
360,Christopher Sanchez,HR,130650,2021-10-02
361,Eddie Collins,Finance,145533,2020-10-06
362,Donna Douglas,Finance,149252,2017-12-03
363,Sara Ward,Support,110496,2018-07-05
364,Tracy Harris,Operations,114711,2023-04-29
365,Keith Hinton,HR,63649,2017-03-14
366,Luis Jenkins,Finance,60665,2016-05-04
367,Kayla Phillips,Marketing,95484,2017-12-20
368,Lauren Jones,Operations,143951,2022-11-17
369,Julie Weber,Support,50591,2016-08-26
370,Jordan Flores,Finance,145670,2016-01-23
371,Steven Bell,HR,121128,2023-01-13
372,Dillon Martinez,HR,66611,2024-08-12
373,Gerald Marshall,Engineering,96085,2021-12-30
374,Melissa Cross,Finance,122505,2024-10-28
375,James Cline,Finance,52078,2022-03-02
376,Michael Harris,Sales,144027,2025-03-27
377,Diana Howard,Marketing,53451,2017-12-08
378,Melissa Christian,Marketing,122234,2018-10-14
379,Dennis Lopez,HR,114390,2018-01-10
380,Edward Bell,HR,66215,2023-02-01
381,Theresa Perkins,Operations,149254,2018-01-17
382,Sarah Wilson,Finance,110424,2022-12-27
383,Christina Gilbert,Operations,117273,2024-04-08
384,Mary Jackson,Finance,48656,2021-11-25
385,Kellie Case,Sales,102751,2016-08-17
386,Mrs. Ann Velez,HR,92170,2016-12-31
387,Leah Willis,Sales,90904,2019-02-07
388,Ryan Bond,Sales,107333,2021-06-17
389,David Medina,Support,60100,2015-06-23
390,Katie Davis,HR,68379,2024-06-26
391,Daniel Harrington,Sales,72005,2022-07-17
392,Abigail Blake,Sales,143466,2019-09-24
393,Joseph Davis,HR,41220,2022-10-01
394,Bethany Chen,Engineering,86873,2018-04-26
395,Eric Thompson,Support,84922,2022-05-01
396,Scott Thompson,Finance,117042,2023-01-29
397,David Dorsey,Marketing,78528,2023-11-07
398,Jay Costa,Operations,65302,2023-01-23
399,Amanda Marsh,Engineering,101092,2017-03-30
400,Michael Warren,Sales,137789,2016-05-21
401,Ernest Wilson,Marketing,149785,2021-07-05
402,Nicole Dixon,Engineering,129437,2021-04-05
403,Randy Ramirez,Support,68975,2016-06-27
404,Julie Hill,Finance,76263,2023-12-09
405,Angela Olson,Engineering,61208,2020-03-31
406,Julie Glover,Engineering,59408,2017-10-23
407,Christine Potter,Marketing,129338,2016-10-18
408,Cynthia Garcia,HR,121258,2022-11-24
409,Anthony Shaw,HR,89683,2024-05-30
410,Diane Benson,HR,140396,2023-04-20
411,Brian Fox,Finance,90054,2019-11-03
412,Michael Lin,Engineering,70686,2023-06-27
413,Linda Jones,Engineering,88754,2016-08-04
414,Michael Jordan,Finance,100284,2018-03-07
415,Laura Armstrong,Operations,82546,2021-07-03
416,Daniel White,Sales,99872,2024-03-05
417,Jacob Mercado,Sales,95652,2016-03-31
418,Jared Williams,Support,89997,2019-11-09
419,Laura Lee,Support,41655,2024-07-18
420,Tiffany Williams,Sales,84160,2019-09-22
421,Marc Davis,Sales,61886,2022-05-08
422,Dennis Figueroa,Operations,43324,2015-11-22
423,Jessica Ellis,Operations,133426,2018-09-30
424,David Wilson,Support,67981,2023-08-29
425,Wendy Franklin,Support,103412,2023-11-30
426,Regina Ward,Marketing,44719,2024-05-21
427,Christina Johnson,Finance,125419,2020-02-29
428,Tony Keith,Operations,91299,2018-11-25
429,Robert Willis,HR,138643,2015-10-05
430,Cynthia Barron,Sales,121550,2024-11-22
431,Kathryn Wyatt,HR,143364,2018-06-18
432,Justin Hall,Engineering,50238,2023-03-14
433,Paul Glass,Support,79817,2020-05-03
434,Michelle Dunn,Finance,141788,2023-12-22
435,Taylor Jones,Support,93064,2022-11-12
436,Calvin Levy,HR,106679,2019-10-28
437,Joshua Newman,HR,97578,2019-05-12
438,Tom Phillips,Operations,41738,2020-10-07
439,William Collins,Finance,103371,2018-03-04
440,Deborah Smith,Sales,85312,2023-12-01
441,Yolanda Galvan,HR,127536,2023-01-19
442,Megan Powers,HR,80909,2022-12-08
443,Richard Rodriguez,Engineering,88509,2020-04-05
444,Melissa Williams,Finance,100284,2024-08-31
445,Lori Haynes,Support,91090,2017-11-10
446,Shelby Rodriguez,HR,138240,2021-09-16
447,Rachel Allen,Marketing,59752,2019-12-02
448,Deborah Sutton,Engineering,90286,2015-05-08
449,Douglas Johnson,HR,149931,2025-02-25
450,Chelsea Jordan,Operations,114498,2017-05-16
451,Shelby Wallace,Sales,72059,2024-09-28
452,Ellen Kelly,HR,68228,2015-09-21
453,Karen Sanchez,Engineering,149182,2024-09-27
454,Gary Leblanc Jr.,Support,76269,2023-03-04
455,Christine Smith,Sales,69124,2019-06-26
456,Craig Collins,Support,62334,2022-08-15
457,Charles Smith,Sales,72807,2015-11-29
458,Jeremy Chapman,Operations,70320,2017-06-07
459,Daniel Garcia,Engineering,101615,2021-10-28
460,Jeff Gray,Marketing,146494,2019-06-06
461,Daniel Steele,Sales,77523,2020-06-03
462,Kelsey Dunn,Operations,140994,2023-02-23
463,Angel Walker,HR,74094,2020-06-21
464,Andrea Aguirre,Marketing,111619,2022-09-28
465,Stephen Hebert,Marketing,98620,2015-12-07
466,Grant Wheeler,Engineering,79328,2021-11-04
467,Jennifer Jones,Finance,92594,2020-09-16
468,Cheryl Allen,Support,143676,2017-11-25
469,Rebecca Martin,Engineering,143028,2025-01-12
470,Emily Mitchell,Engineering,67232,2018-01-31
471,Alicia Estes,HR,54426,2023-10-14
472,Austin Wade,Operations,121479,2017-08-09
473,Crystal Gould,Support,64661,2016-07-10
474,Kathleen Mclean,Sales,65827,2023-02-10
475,Kim Delgado,Engineering,111958,2018-04-05
476,Michael Schultz,Support,110933,2023-11-09
477,Mark Gray,Engineering,104650,2019-06-15
478,Jon Harris,Marketing,63707,2022-01-22
479,Calvin Moyer,Marketing,117657,2015-11-12
480,Robert Braun,Marketing,101352,2019-10-03
481,John Lewis,HR,90453,2024-05-21
482,Joseph Thornton,Finance,79419,2022-05-12
483,James Oconnor,Sales,130008,2022-10-20
484,Michele Smith,Operations,142550,2019-07-14
485,Valerie Fernandez,Marketing,132202,2022-06-05
486,Jason Snyder,Finance,55454,2023-04-16
487,Michelle Hughes,HR,121353,2024-09-17
488,Jacqueline Bright,Marketing,125764,2023-12-27
489,Rhonda Rodriguez,Marketing,49706,2024-03-30
490,Elizabeth Mitchell,Marketing,73344,2015-07-26
491,John Garcia,Support,113905,2021-12-20
492,Erin Kim,HR,102515,2016-05-14
493,Jay Kelley,Operations,116509,2021-03-30
494,Samantha Franco,Finance,56595,2017-08-27
495,Ashley Harvey,Finance,122333,2016-03-26
496,Eddie Ward,Support,68652,2022-10-18
497,Amy Miller,Operations,99322,2023-08-16
498,Michelle Martinez,Engineering,101888,2018-03-18
499,Michael Arnold,Support,81784,2023-12-21
500,Christopher Gray,Engineering,111170,2015-07-19
501,Destiny Moran,Support,145298,2016-01-09
502,Frank Gill,HR,96308,2021-02-21
503,Jamie Moore,Support,145795,2016-12-23
504,Anna Arellano,Finance,51294,2024-12-01
505,Amanda Carpenter,Engineering,47790,2020-01-16
506,Katie Noble,Operations,120271,2023-05-03
507,Rachel Schmidt,HR,73149,2022-11-26
508,David Savage,Support,67769,2023-06-11
509,Jennifer Lowe,Sales,91353,2023-02-26
510,Kelsey Sims,Sales,60873,2015-11-09
511,Karla Nguyen,Sales,126664,2022-09-24
512,John Petersen,Sales,90009,2016-07-20
513,Matthew Kennedy,Engineering,90011,2021-08-29
514,Tommy Rhodes,HR,143567,2021-07-25
515,Patty Marshall,Support,114604,2025-03-29
516,Mary Lozano,Sales,91943,2015-12-10
517,Samuel Peters,HR,113135,2022-07-12
518,Sandra Briggs,Operations,53062,2020-01-13
519,Mitchell Mendez,Finance,92107,2017-12-10
520,Robert Singh,Engineering,91272,2018-02-16
521,Kevin Atkinson,Support,124388,2016-06-03
522,Gina Rose,Engineering,111289,2019-12-15
523,Courtney Carrillo,Engineering,119420,2015-12-18
524,Matthew Copeland,Engineering,112263,2015-10-29
525,Linda Love,Sales,132764,2024-09-06
526,Laura Schroeder,Operations,117242,2024-08-09
527,Jasmine Wright,Support,119988,2024-06-22
528,Jordan Brown,Finance,144531,2022-02-08
529,Jeffrey Scott,Sales,82607,2020-06-04
530,Jennifer Riggs,Operations,121260,2018-12-29
531,Janice Boyd,Marketing,90641,2020-07-01
532,Jared Leonard,Sales,49784,2023-02-15
533,Tina Sanchez,Operations,106882,2024-03-27
534,Marilyn Davis,Finance,81966,2017-02-20
535,Jorge Rivera,Support,101854,2024-10-30
536,Pamela Mendez,HR,149382,2021-08-29
537,Erik Perez,Marketing,72427,2023-11-08
538,Ryan Allen,Engineering,142537,2018-08-05
539,Shelly Ellis,Sales,67476,2023-07-13
540,Elizabeth Ware,Finance,49860,2018-04-17
541,Thomas Jones,Marketing,81578,2017-04-01
542,Kristin Noble,Engineering,62120,2023-01-19
543,Patrick Williams,Support,69792,2025-02-18
544,Erin Martinez,Operations,109537,2021-08-13
545,Jackson Johnson,HR,55355,2016-11-28
546,Holly Moreno,Engineering,147960,2015-10-11
547,Deanna Hawkins,Finance,64698,2021-05-22
548,Cheryl Reeves,HR,71956,2023-03-29
549,Christy Meyer,Support,96127,2022-04-30
550,Mary Singh,Support,103563,2023-10-22
551,Terry Cisneros,Engineering,63394,2018-11-12
552,Sean Mann,Operations,55279,2023-01-13
553,Shirley Williams,HR,120877,2015-04-20
554,Charles Taylor,Support,105477,2024-10-31
555,Amy Smith,Support,73087,2021-03-15
556,Troy Miller,Finance,77973,2016-03-24
557,Randy Simpson,Engineering,95100,2020-12-20
558,Jennifer Evans,HR,63944,2021-11-22
559,Joseph Myers,Marketing,82606,2017-05-13
560,Samantha Snyder,Finance,93761,2016-07-04
561,Jeffrey Taylor,Engineering,110575,2022-06-01
562,Susan Berry,HR,148533,2015-07-25
563,Walter Robinson,Finance,67112,2018-10-21
564,Samantha Hernandez,Marketing,116635,2022-05-04
565,Thomas Rhodes,Finance,73889,2024-04-26
566,Tina Myers,Finance,126166,2020-10-27
567,Matthew Hodges,Marketing,136974,2019-04-11
568,Christine Ross,Operations,94347,2020-05-25
569,Stephen Patel,Marketing,95792,2023-11-17
570,Scott Mayer,Support,88942,2015-06-16
571,Victoria Shannon,Finance,140924,2023-09-11
572,Jillian Morales,Support,121279,2016-08-25
573,Sharon Pineda,Finance,98652,2021-07-05
574,Christine Dominguez,Marketing,90861,2020-09-11
575,Mary Davis,HR,123227,2017-02-17
576,Colton Maynard,Sales,105064,2024-11-24
577,Dr. Beverly Griffin,Operations,46623,2017-01-06
578,Michelle Smith,Marketing,82426,2019-06-28
579,Sonya Scott,HR,147944,2017-09-15
580,Terry Miller,Finance,76865,2021-11-15
581,Joseph Smith,Finance,125787,2022-05-23
582,Richard Clark,Finance,96091,2025-04-11
583,Wesley Fisher,Support,134915,2020-11-07
584,Emily Richards,Marketing,140249,2017-10-26
585,Marissa Graham,HR,104622,2022-05-11
586,Matthew Brooks,Engineering,134288,2016-10-11
587,Cynthia Sellers,Sales,92902,2017-09-29
588,Stephen Barker,Operations,58804,2020-04-25
589,Timothy Parks,Engineering,114545,2022-12-02
590,Justin Stanley,Support,81534,2018-04-06
591,Arthur Quinn,Engineering,125549,2023-07-11
592,Ashley Goodwin,Operations,85314,2022-08-21
593,Carrie Combs,Support,52708,2021-08-20
594,Marcus Cross,Marketing,111167,2018-02-25
595,Robert Thomas,Operations,146892,2016-11-08
596,Jonathan Pittman,Operations,125040,2018-10-22
597,Jacob Shaw,Marketing,76739,2022-09-13
598,Melissa Gregory,Finance,67837,2023-04-22
599,Richard Jones,HR,53413,2017-08-31
600,Beth Jackson DVM,Operations,94479,2017-06-22
601,Connor Jacobs,Support,130571,2019-11-24
602,Brittany Marsh,Operations,49933,2022-09-04
603,Erin Cooper,Finance,145575,2024-02-16
604,Grant Burke,Finance,141918,2023-08-25
605,Dale Blanchard,Engineering,141259,2021-04-05
606,Melissa Mason,HR,97270,2023-09-11
607,Jason Anderson,Operations,43214,2017-01-10
608,Kelsey Peters,Finance,81762,2021-05-22
609,Janet Miller,Marketing,131242,2023-02-19
610,Tyler Collins,Finance,53567,2019-07-25
611,Alec Graves,Finance,76481,2015-09-01
612,Ashley Stephens,Marketing,45082,2018-07-31
613,Ashley Ramos,Marketing,59831,2017-10-28
614,John Newton,Sales,111977,2015-10-05
615,Dr. Richard Parker,Operations,91409,2019-06-17
616,Hannah Cooper,Sales,65884,2019-06-23
617,Brandon Duncan,Finance,145686,2024-11-01
618,Tim Owens,Sales,125258,2025-02-26
619,Jade Swanson,Support,107348,2015-12-21
620,Charles Esparza,Marketing,52796,2017-03-20
621,Pamela Hughes,Support,41204,2024-10-06
622,Maurice Jacobson,Engineering,142413,2024-05-05
623,Brianna Phillips,Marketing,80216,2017-08-27
624,Gail Boyle,Engineering,95851,2023-07-25
625,Brian Sweeney,Marketing,75603,2017-12-28
626,William Cabrera,HR,125791,2018-01-28
627,Kyle Perkins,Engineering,128101,2022-04-11
628,Carla Mccormick,Engineering,63404,2021-12-26
629,Monica Parks,Support,98663,2019-09-27
630,Teresa Stone,Sales,89159,2016-11-19
631,Eric Jones,HR,65103,2021-01-30
632,Megan George,Finance,123577,2017-06-09
633,Devon Marshall,Support,67767,2016-12-07
634,Andrea Hernandez,Marketing,128800,2016-08-12
635,Ryan Conway,Marketing,138642,2018-12-13
636,Jeremy Adams,Finance,68601,2022-08-11
637,Crystal Anderson,Sales,53064,2022-11-22
638,Natasha Gay,Operations,105873,2019-06-23
639,Peter Sandoval,Operations,149146,2021-02-17
640,Daniel Ward,Finance,106162,2016-09-25
641,Matthew Jackson,Marketing,81557,2017-08-22
642,Randy Chapman,HR,98074,2022-10-21
643,Paula Thompson,Engineering,139576,2019-01-26
644,Jackie Hurst,HR,137142,2015-05-23
645,John Gallagher,Finance,116359,2016-01-06
646,Rebecca Lynch,Marketing,42649,2015-11-20
647,Leslie Cooke,Sales,104694,2021-04-30
648,Robert Shelton,Sales,148279,2019-08-11
649,Richard Hensley,Operations,52599,2016-10-11
650,Eric Clark,Finance,114159,2017-01-07
651,Timothy Rhodes,HR,108152,2021-06-25
652,John Smith,Engineering,146599,2020-07-10
653,Cynthia Choi,Engineering,68775,2016-01-29
654,Philip Barber,Operations,92035,2017-12-19
655,April Velazquez,Operations,134121,2019-01-23
656,Rebecca Saunders,Finance,52402,2019-11-07
657,Stephanie White,Operations,54751,2021-01-19
658,Katherine Mejia,Marketing,142892,2020-10-06
659,Molly Moreno,Support,68066,2024-08-05
660,Colleen Charles,Sales,111549,2016-11-02
661,George Coffey,Sales,69048,2021-03-25
662,Brian Matthews,Support,120067,2016-06-03
663,Alexis Wallace,Marketing,68354,2020-11-13
664,Kyle Ford,Finance,46117,2022-08-09
665,David Patterson,Operations,103887,2021-08-04
666,Jordan Cameron,Engineering,62244,2015-12-26
667,Alyssa Franklin,Operations,80647,2025-01-13
668,Christine Davenport,Operations,41614,2022-06-04
669,Jeffrey Cruz,HR,132952,2022-02-05
670,Lisa Jackson,Marketing,76150,2020-04-28
671,Amanda Lopez,Operations,116370,2019-02-14
672,Alfred Valdez,HR,114421,2018-05-21
673,Jennifer Montoya,Sales,86910,2015-11-29
674,Kevin Griffith,Finance,55507,2022-07-06
675,Jamie Dominguez,Operations,108664,2023-09-18
676,Blake Walker,Support,120013,2023-04-18
677,Curtis Williams,Support,92832,2019-11-01
678,Scott Smith,Finance,133381,2023-05-14
679,Mr. Brian Montoya,HR,133660,2021-10-17
680,Kelly Castillo,Marketing,143562,2016-05-09
681,Tammy Moss,Operations,49998,2017-05-20
682,Alicia Miller,Operations,113635,2016-08-13
683,Jeffrey Gomez,Engineering,107883,2016-05-12
684,Heather Perkins,Finance,135714,2019-09-21
685,April Nielsen,Sales,56384,2016-12-23
686,Jasmine Gilmore,Finance,122667,2019-11-25
687,Kimberly Walker,Sales,46825,2022-12-09
688,Emma Green,Sales,93283,2016-08-16
689,Anthony Barry,HR,83908,2023-05-14
690,Alyssa Jones,HR,77012,2017-01-20
691,Amber Collins,Marketing,73825,2022-07-06
692,Ebony Brown,Support,118510,2018-03-19
693,Christopher Noble,Support,80561,2016-08-24
694,Leon Jones,Engineering,118032,2024-01-24
695,Thomas Williams,Finance,118277,2025-01-29
696,Aaron Vargas,HR,102003,2024-08-12
697,Adam Guerrero,Finance,43329,2016-09-05
698,Jonathan Morgan,Sales,110047,2015-07-21
699,Daniel Bruce,Marketing,137240,2020-05-07
700,Emily Flores,Engineering,44472,2018-10-25
701,Karen Lynch,Support,123160,2020-12-05
702,Timothy Butler,Support,102296,2019-11-23
703,Bridget Huffman,Engineering,115018,2020-05-29
704,David Wagner,HR,87074,2017-05-17
705,Kenneth Blake,HR,149475,2017-09-13
706,Chelsea Harris,Engineering,53807,2019-11-14
707,Taylor Parker,Operations,74839,2021-06-21
708,Kathleen King,Operations,41558,2022-11-13
709,Karen Jones,Engineering,104031,2015-06-16
710,Mark Chavez,Sales,98791,2025-02-10
711,Michael Jackson,Sales,61956,2019-12-04
712,Hailey Williams,Operations,59907,2018-09-24
713,Joel Bennett,Engineering,124081,2022-07-02
714,Collin Rodriguez,Finance,62707,2016-11-16
715,Steven Stewart,Sales,72721,2018-05-26
716,Julia Cummings,Operations,136494,2021-02-21
717,Jennifer Wolfe,HR,98683,2025-01-15
718,Daniel Hall Jr.,Finance,59533,2017-02-20
719,Kevin Simmons,Support,137276,2019-08-17
720,Dr. Dale Vargas,Operations,61923,2017-12-01
721,Erin Sampson,Sales,123550,2020-12-15
722,Amanda Waters,Engineering,86582,2018-09-05
723,Stephen Torres,HR,126224,2021-01-13
724,Lance Jones,Engineering,118160,2019-05-27
725,Sara Williams,Finance,135756,2020-04-28
726,James Ayers,Marketing,53312,2016-01-25
727,Bianca Johnson,Operations,104449,2020-01-04
728,Tiffany Ellis,Operations,111537,2025-01-18
729,John Williams,Sales,67256,2020-02-24
730,Derrick Jackson,Sales,131337,2016-09-29
731,Brett Ruiz,Finance,105002,2018-06-12
732,John Lee,Support,75019,2017-05-04
733,Jessica Adkins,Sales,121416,2025-03-18
734,Michael Jordan,Marketing,143611,2023-05-30
735,Barbara Nixon,Engineering,135039,2023-08-05
736,Brian Barrett,Operations,130700,2016-10-25
737,Susan Zavala,Operations,127475,2016-10-11
738,Elizabeth Downs MD,Operations,81150,2020-03-05
739,Mario Herrera,Operations,103466,2021-05-26
740,Scott Cook,Sales,46526,2016-01-18
741,Mrs. Lindsey Villanueva,Engineering,131434,2016-10-07
742,Jonathan Rodriguez,Marketing,137510,2022-09-19
743,Rebecca Hanson,HR,50108,2015-05-01
744,Christopher Parker,Engineering,100177,2016-05-26
745,Courtney Khan,Engineering,81950,2016-03-27
746,Christopher Frey,Engineering,139494,2019-01-29
747,Michelle Cannon,Support,66690,2023-02-15
748,Kevin Moyer,HR,126266,2022-02-21
749,Mr. Thomas Evans MD,Sales,61631,2018-01-10
750,Janet Fuller,Sales,87758,2017-05-04
751,Brenda Clark,Support,51992,2022-07-15
752,John Williams,Finance,131129,2020-10-25
753,Amanda Long,Engineering,134327,2023-12-14
754,Margaret Bullock,Operations,128793,2019-10-05
755,Heather Brown,HR,134597,2024-08-13
756,Angel Hall MD,Support,79477,2018-08-29
757,Jason Short,Sales,117962,2020-09-13
758,Martha Hughes,Sales,57389,2024-07-25
759,Todd West,Support,61948,2023-06-01
760,Justin Armstrong,Support,40201,2020-12-15
761,Christopher Cox,Sales,77399,2022-12-16
762,Susan Castillo MD,Finance,73906,2020-12-19
763,Leah Pacheco,Operations,91864,2020-10-05
764,Lauren Clark,Support,129920,2021-08-12
765,Marcus Mitchell,Engineering,100902,2016-11-29
766,Eric Lawson,Marketing,46789,2025-03-31
767,Emily Orr,HR,99283,2021-12-09
768,Martin Harris,HR,120250,2015-11-11
769,Kenneth Williams,Operations,140784,2024-07-29
770,Derek Allen,Support,80948,2017-06-11
771,Joanna Stevenson,Marketing,123511,2016-03-14
772,Tyler Davis,Operations,135825,2019-05-07
773,Linda Alexander,Support,97947,2015-07-15
774,Nancy Henry,Marketing,141688,2019-09-11
775,Kelly Lynch,Sales,42116,2023-04-23
776,Angela Mueller,Support,136067,2024-01-21
777,Jeremy Santana,HR,63055,2019-03-05
778,Sarah Archer,Operations,46288,2022-03-26
779,Melvin Hodges,Finance,140135,2023-02-08
780,Collin Watson,HR,78930,2015-12-18
781,Jordan Price,Marketing,117502,2022-10-19
782,Heather Thompson,Support,126890,2023-06-28
783,Michael Perez,Finance,43930,2021-10-27
784,David Garrett,Support,132142,2020-05-09
785,Christie Barnes,Marketing,60238,2024-08-01
786,Nancy Martin,Finance,87658,2016-04-27
787,Michael Bean,Engineering,89433,2015-06-16
788,Cynthia Johnson,HR,47819,2024-07-23
789,Nicole Reynolds,Engineering,110223,2015-07-31
790,Jamie Moore,Operations,63689,2022-01-10
791,Christopher Roberts,Marketing,116910,2019-11-19
792,Margaret Gray,Operations,62322,2024-12-02
793,Scott Robinson,Marketing,54942,2021-10-31
794,Connor Collins,Operations,106117,2025-03-10
795,Rachel Roberts,HR,40259,2020-03-10
796,Michael Boyd,Marketing,142062,2024-06-11
797,Douglas Wagner,Marketing,114049,2022-11-07
798,David Christian,Marketing,97989,2023-07-06
799,Aaron Henson,Marketing,146338,2018-06-02
800,Marisa Hall,Support,58003,2016-05-01
801,Emily Castaneda,Engineering,52421,2018-07-16
802,Timothy Castillo,Sales,44346,2018-10-01
803,Ashley Young,Marketing,116203,2019-12-30
804,Vicki Johnson,Engineering,120895,2021-02-19
805,Christian Hernandez,Sales,70717,2015-07-31
806,Bobby Davis,Marketing,70886,2022-02-26
807,Kevin Harrell,Marketing,93800,2015-06-22
808,Johnathan Mendoza,Sales,81210,2019-05-12
809,Erik Murray,Support,79776,2022-08-12
810,John Robinson,Support,85717,2015-10-11
811,Jared Mccall,Marketing,47212,2017-12-13
812,Emma Bruce,Engineering,49225,2022-04-20
813,Eric Hill,Marketing,136756,2023-09-07
814,Angel Summers,Engineering,79893,2023-09-14
815,Aaron Ellis,Marketing,114182,2017-01-27
816,Phillip Maddox,Marketing,118781,2016-11-18
817,Catherine Luna,HR,122719,2016-04-10
818,Lisa Ray,Marketing,45986,2018-11-04
819,Juan Ford,HR,113142,2020-06-24
820,Bradley Benjamin,Finance,135294,2023-02-09
821,John Martin,Engineering,74209,2018-12-21
822,Claire Holland,Sales,102315,2024-03-23
823,Mary Cole,Support,47997,2022-04-26
824,Desiree Edwards,Sales,128749,2015-06-17
825,Ashley Wilkinson,Sales,59132,2019-01-12
826,Jason Eaton,HR,72021,2017-09-19
827,Benjamin Wilson MD,Marketing,87142,2016-04-13
828,Jonathan Nunez,Engineering,130947,2019-07-04
829,Bonnie Sanchez,Operations,113680,2025-03-31
830,Candace King,HR,89451,2025-02-07
831,John Garcia,Sales,58940,2018-04-01
832,Kathy James,Sales,53806,2021-02-05
833,Jessica Torres,Finance,40675,2017-08-27
834,Timothy Obrien,Marketing,120529,2016-08-14
835,James Pennington,Finance,87138,2025-02-08
836,David Foster,Support,44870,2017-05-30
837,Dakota Blair,Sales,59907,2022-01-21
838,Sara Harvey,Engineering,147930,2016-07-09
839,Michael Price,Finance,88986,2017-06-23
840,Beth Gray DDS,HR,63097,2018-03-23
841,Lisa Hernandez,Support,48404,2016-09-06
842,Selena Dixon,Marketing,100257,2024-04-22
843,Teresa Higgins,Finance,78002,2022-12-16
844,Diana Levine,HR,44482,2016-10-17
845,Jesse Simmons,Marketing,58119,2022-10-08
846,Justin Murphy,HR,94276,2022-04-07
847,Lisa Harrison,HR,145927,2020-08-12
848,Bryan Russell,Support,45572,2016-12-16
849,Kathleen Poole,HR,43041,2020-12-06
850,Michael Travis,HR,85198,2023-06-28
851,Lisa Ray,Support,84596,2023-07-22
852,Christine Sparks,Engineering,140618,2015-12-18
853,Dominique Warren,HR,107182,2017-11-23
854,Brianna Brown,Operations,122872,2021-07-08
855,Maurice Fields,Engineering,49760,2021-03-24
856,Joshua Barnett,Marketing,88137,2019-01-11
857,David Woodward,Marketing,65848,2019-09-13
858,Juan Nelson,Operations,110397,2019-10-04
859,Zachary Rogers,Sales,110267,2023-04-05
860,Shannon Gray,Engineering,100248,2024-03-13
861,Thomas Mooney,Engineering,91441,2024-07-23
862,Mrs. Sherri Moyer,Operations,126425,2023-07-22
863,Danielle Williams,HR,70865,2020-09-18
864,Stephen Mcguire,Operations,128428,2022-04-22
865,Robert Cunningham,HR,111455,2023-07-13
866,Andrea Swanson,Engineering,140906,2016-06-30
867,David Francis,Support,142942,2019-11-04
868,Miguel Harris,Sales,112174,2024-06-30
869,Christopher Young,Engineering,64827,2024-03-10
870,Joseph Aguirre,Finance,138540,2020-01-28
871,Ryan Osborn,Finance,53749,2020-07-14
872,Lisa Lewis,Marketing,140753,2015-09-09
873,Sandra George,Finance,43546,2017-03-20
874,Jennifer Goodwin,Marketing,62135,2017-01-20
875,Andrew Cook,Sales,68831,2019-08-31
876,Christina Moody,Marketing,83187,2016-07-02
877,Emily White,Engineering,77650,2020-05-24
878,Antonio Sanchez,Marketing,44117,2017-11-12
879,Brian Hamilton,Sales,49398,2018-01-31
880,John Murphy,Finance,86471,2021-08-04
881,Crystal Meyer,Finance,93385,2025-01-26
882,Valerie Shaw,Support,105113,2019-12-22
883,Mark Nelson,Finance,111932,2019-11-08
884,Charles Chen,Marketing,106783,2017-02-27
885,Kelly Jones,Operations,123955,2024-01-18
886,Jordan Guerra,HR,136938,2023-08-30
887,Ashlee Jenkins,Sales,144785,2022-05-29
888,Stephanie Matthews,Marketing,106183,2022-03-28
889,Mr. Daniel Garcia MD,Engineering,48424,2019-05-13
890,Evan Stewart,Operations,42084,2021-08-24
891,Michael Ward,HR,70326,2021-04-17
892,Robin Porter,Support,96864,2019-10-23
893,Jeffery Herrera,Engineering,60784,2021-12-18
894,Veronica Barrera,Sales,122764,2023-06-21
895,Adam Chen,Support,137398,2017-01-22
896,Monica Haynes,Engineering,47677,2017-02-16
897,Kimberly Simon,Sales,142503,2016-11-04
898,Mariah Hart,Support,68407,2022-04-08
899,Cheryl Horne,Support,61233,2021-12-15
900,Nicholas Allen,Operations,47790,2019-01-26
901,Sue Wang,Engineering,50774,2021-09-24
902,Evan Freeman,HR,137968,2022-11-16
903,Gloria Johnson,Engineering,90068,2022-05-08
904,Raymond Craig,Engineering,134250,2015-06-25
905,Brian Gates,HR,120950,2022-09-05
906,Patrick Robinson,Sales,106697,2015-04-23
907,Lisa Castro,Support,50435,2020-11-18
908,Heather Olson,Support,144789,2022-07-19
909,Janet Estrada,HR,77809,2021-05-16
910,Ashley Hughes,Operations,129996,2018-10-02
911,Adrian Fletcher,Engineering,128916,2021-09-18
912,Debra Suarez,Operations,91531,2022-06-15
913,Sandra Ellis,Engineering,114790,2021-03-22
914,Edward Scott III,Finance,135206,2023-03-18
915,Sheri Trevino,HR,122084,2015-08-09
916,Jose Dunn,Support,71299,2019-09-29
917,Logan Kim,Operations,55234,2019-08-26
918,Richard Greene,Finance,109892,2019-08-23
919,Brittany White,HR,125183,2023-07-13
920,William Barry,Support,79725,2015-07-22
921,Tiffany Carson,Marketing,127877,2016-12-10
922,Tristan Carter,Sales,72995,2017-03-28
923,Brian Nelson,Support,67706,2019-02-03
924,Jason Jackson,HR,50036,2017-09-02
925,Wendy Garcia,Finance,51424,2023-09-11
926,Lori Martin,Operations,129801,2017-07-09
927,Annette Randolph,Support,51077,2017-09-13
928,Daniel Hodge,Operations,130005,2025-03-24
929,Brenda Brown,Marketing,147864,2021-08-30
930,Meghan Mitchell,Operations,44315,2018-02-25
931,Tim Gaines,Marketing,73679,2020-01-21
932,Christina Dixon,Sales,65691,2021-01-18
933,Steven Silva,Engineering,145423,2025-03-27
934,Victoria Dean,Sales,148174,2020-01-27
935,Daniel Duran,Sales,84835,2018-12-22
936,Katelyn Holland,Support,122792,2017-08-16
937,Curtis Smith,Support,58161,2021-12-10
938,Jason Jackson,Sales,66440,2016-05-29
939,Jennifer Hartman,Finance,118082,2021-04-30
940,Craig Mcintyre,Finance,113615,2021-06-06
941,Amy Hayes,Marketing,145550,2022-12-16
942,Brian Moody,Support,89209,2016-09-19
943,Haley Jenkins,Operations,46929,2025-02-22
944,Xavier Graham,Operations,136725,2017-03-19
945,Lauren Young,HR,114806,2017-10-27
946,Roy Casey,HR,61413,2023-02-05
947,Taylor Rojas,Engineering,117430,2018-06-29
948,Taylor Harrison,Engineering,83359,2018-04-12
949,Danielle Wheeler,Finance,50675,2020-11-29
950,Jaime Macias,Support,47458,2018-03-01
951,Adam Ramos,Sales,93650,2022-05-18
952,Lynn Johnson,Engineering,66354,2021-05-17
953,Douglas Mcintosh,HR,116079,2017-05-06
954,Kristin Nelson,Operations,45751,2018-09-09
955,Betty Cruz,HR,86191,2018-02-07
956,Kellie Taylor,Finance,148365,2015-11-15
957,Carl Andersen,Engineering,134489,2024-08-08
958,Cory Williamson,Support,106365,2019-10-22
959,Dale Cross,Support,120062,2018-02-06
960,Angela Parks,HR,102671,2021-09-12
961,Kayla Castro,Finance,91874,2021-05-27
962,Mary Mitchell,HR,139623,2018-11-12
963,Nathan Franco,Marketing,74854,2023-03-03
964,Heather Avery,Marketing,45793,2016-12-26
965,Lisa Johnson,Sales,78983,2017-02-11
966,Jason Wilson,Marketing,141612,2016-08-01
967,Jon Nelson,Engineering,70854,2023-11-17
968,Brandi Lopez,Operations,67197,2016-06-28
969,Carrie Yang,Marketing,149516,2022-01-29
970,Amy Garcia,Engineering,55278,2016-08-11
971,Angela Roberts,Engineering,60018,2020-09-16
972,Ann Lang,Marketing,143804,2016-04-10
973,Stephen Thomas,Operations,66150,2024-09-16
974,Karen Foster,Support,81297,2016-06-03
975,David Carlson,Engineering,141584,2023-03-26
976,Christina Ramsey,Finance,49856,2016-04-02
977,Cindy Phelps MD,Finance,83684,2019-12-11
978,Diane Shields,Finance,71206,2025-01-18
979,Monica Russell,Marketing,149281,2022-09-24
980,Matthew Herman,Operations,115319,2016-01-30
981,Julian Smith,Sales,73538,2021-02-10
982,Annette Russell,Sales,62761,2016-06-26
983,Douglas Sanchez,Sales,41487,2018-10-19
984,Amanda Smith,Finance,133965,2020-05-16
985,Evan Daniels,Finance,63800,2022-06-10
986,Heather Clark,Support,147638,2015-11-22
987,Cole Potter,Marketing,146776,2019-02-04
988,Stephen Butler,Marketing,79174,2023-08-02
989,Eddie Smith,HR,95425,2021-11-18
990,Corey Foster,Engineering,140814,2023-06-02
991,Ariel Romero,HR,67366,2024-06-20
992,Melanie Cobb,HR,133088,2017-07-03
993,Daniel Rangel,HR,44535,2021-05-19
994,Brian Mitchell,Support,90213,2019-08-15
995,Angel Morton,Operations,79500,2019-03-29
996,Karla Phillips,Sales,104454,2021-10-01
997,Amber Grimes,Engineering,131828,2020-04-19
998,Ashley Mccall,Operations,98713,2020-05-18
999,Mrs. Nicole Wells,Marketing,115560,2019-01-16
1000,John Hill,Support,136251,2021-11-08
